--
-- PostgreSQL database dump
--

\restrict 19I03Bt907mRBTtvqneUIZwSwcmiKRPtOoer7dw5Aa2bWU1UqIAHhY4dgM0a9Ye

-- Dumped from database version 16.12
-- Dumped by pg_dump version 16.12

-- Started on 2026-02-23 18:37:28

SET statement_timeout = 0;
SET lock_timeout = 0;
SET idle_in_transaction_session_timeout = 0;
SET client_encoding = 'UTF8';
SET standard_conforming_strings = on;
SELECT pg_catalog.set_config('search_path', '', false);
SET check_function_bodies = false;
SET xmloption = content;
SET client_min_messages = warning;
SET row_security = off;

SET default_tablespace = '';

SET default_table_access_method = heap;

--
-- TOC entry 237 (class 1259 OID 16698)
-- Name: administrateur; Type: TABLE; Schema: public; Owner: postgres
--

CREATE TABLE public.administrateur (
    id_admin integer NOT NULL,
    nom character varying(100) NOT NULL,
    prenom character varying(100) NOT NULL,
    email character varying(150) NOT NULL,
    mot_de_passe character varying(255) NOT NULL,
    poste character varying(100),
    permissions text
);


ALTER TABLE public.administrateur OWNER TO postgres;

--
-- TOC entry 236 (class 1259 OID 16697)
-- Name: administrateur_id_admin_seq; Type: SEQUENCE; Schema: public; Owner: postgres
--

CREATE SEQUENCE public.administrateur_id_admin_seq
    AS integer
    START WITH 1
    INCREMENT BY 1
    NO MINVALUE
    NO MAXVALUE
    CACHE 1;


ALTER SEQUENCE public.administrateur_id_admin_seq OWNER TO postgres;

--
-- TOC entry 5159 (class 0 OID 0)
-- Dependencies: 236
-- Name: administrateur_id_admin_seq; Type: SEQUENCE OWNED BY; Schema: public; Owner: postgres
--

ALTER SEQUENCE public.administrateur_id_admin_seq OWNED BY public.administrateur.id_admin;


--
-- TOC entry 222 (class 1259 OID 16562)
-- Name: auth_group; Type: TABLE; Schema: public; Owner: postgres
--

CREATE TABLE public.auth_group (
    id integer NOT NULL,
    name character varying(150) NOT NULL
);


ALTER TABLE public.auth_group OWNER TO postgres;

--
-- TOC entry 221 (class 1259 OID 16561)
-- Name: auth_group_id_seq; Type: SEQUENCE; Schema: public; Owner: postgres
--

ALTER TABLE public.auth_group ALTER COLUMN id ADD GENERATED BY DEFAULT AS IDENTITY (
    SEQUENCE NAME public.auth_group_id_seq
    START WITH 1
    INCREMENT BY 1
    NO MINVALUE
    NO MAXVALUE
    CACHE 1
);


--
-- TOC entry 224 (class 1259 OID 16570)
-- Name: auth_group_permissions; Type: TABLE; Schema: public; Owner: postgres
--

CREATE TABLE public.auth_group_permissions (
    id bigint NOT NULL,
    group_id integer NOT NULL,
    permission_id integer NOT NULL
);


ALTER TABLE public.auth_group_permissions OWNER TO postgres;

--
-- TOC entry 223 (class 1259 OID 16569)
-- Name: auth_group_permissions_id_seq; Type: SEQUENCE; Schema: public; Owner: postgres
--

ALTER TABLE public.auth_group_permissions ALTER COLUMN id ADD GENERATED BY DEFAULT AS IDENTITY (
    SEQUENCE NAME public.auth_group_permissions_id_seq
    START WITH 1
    INCREMENT BY 1
    NO MINVALUE
    NO MAXVALUE
    CACHE 1
);


--
-- TOC entry 220 (class 1259 OID 16556)
-- Name: auth_permission; Type: TABLE; Schema: public; Owner: postgres
--

CREATE TABLE public.auth_permission (
    id integer NOT NULL,
    name character varying(255) NOT NULL,
    content_type_id integer NOT NULL,
    codename character varying(100) NOT NULL
);


ALTER TABLE public.auth_permission OWNER TO postgres;

--
-- TOC entry 219 (class 1259 OID 16555)
-- Name: auth_permission_id_seq; Type: SEQUENCE; Schema: public; Owner: postgres
--

ALTER TABLE public.auth_permission ALTER COLUMN id ADD GENERATED BY DEFAULT AS IDENTITY (
    SEQUENCE NAME public.auth_permission_id_seq
    START WITH 1
    INCREMENT BY 1
    NO MINVALUE
    NO MAXVALUE
    CACHE 1
);


--
-- TOC entry 226 (class 1259 OID 16576)
-- Name: auth_user; Type: TABLE; Schema: public; Owner: postgres
--

CREATE TABLE public.auth_user (
    id integer NOT NULL,
    password character varying(128) NOT NULL,
    last_login timestamp with time zone,
    is_superuser boolean NOT NULL,
    username character varying(150) NOT NULL,
    first_name character varying(150) NOT NULL,
    last_name character varying(150) NOT NULL,
    email character varying(254) NOT NULL,
    is_staff boolean NOT NULL,
    is_active boolean NOT NULL,
    date_joined timestamp with time zone NOT NULL
);


ALTER TABLE public.auth_user OWNER TO postgres;

--
-- TOC entry 228 (class 1259 OID 16584)
-- Name: auth_user_groups; Type: TABLE; Schema: public; Owner: postgres
--

CREATE TABLE public.auth_user_groups (
    id bigint NOT NULL,
    user_id integer NOT NULL,
    group_id integer NOT NULL
);


ALTER TABLE public.auth_user_groups OWNER TO postgres;

--
-- TOC entry 227 (class 1259 OID 16583)
-- Name: auth_user_groups_id_seq; Type: SEQUENCE; Schema: public; Owner: postgres
--

ALTER TABLE public.auth_user_groups ALTER COLUMN id ADD GENERATED BY DEFAULT AS IDENTITY (
    SEQUENCE NAME public.auth_user_groups_id_seq
    START WITH 1
    INCREMENT BY 1
    NO MINVALUE
    NO MAXVALUE
    CACHE 1
);


--
-- TOC entry 225 (class 1259 OID 16575)
-- Name: auth_user_id_seq; Type: SEQUENCE; Schema: public; Owner: postgres
--

ALTER TABLE public.auth_user ALTER COLUMN id ADD GENERATED BY DEFAULT AS IDENTITY (
    SEQUENCE NAME public.auth_user_id_seq
    START WITH 1
    INCREMENT BY 1
    NO MINVALUE
    NO MAXVALUE
    CACHE 1
);


--
-- TOC entry 230 (class 1259 OID 16590)
-- Name: auth_user_user_permissions; Type: TABLE; Schema: public; Owner: postgres
--

CREATE TABLE public.auth_user_user_permissions (
    id bigint NOT NULL,
    user_id integer NOT NULL,
    permission_id integer NOT NULL
);


ALTER TABLE public.auth_user_user_permissions OWNER TO postgres;

--
-- TOC entry 229 (class 1259 OID 16589)
-- Name: auth_user_user_permissions_id_seq; Type: SEQUENCE; Schema: public; Owner: postgres
--

ALTER TABLE public.auth_user_user_permissions ALTER COLUMN id ADD GENERATED BY DEFAULT AS IDENTITY (
    SEQUENCE NAME public.auth_user_user_permissions_id_seq
    START WITH 1
    INCREMENT BY 1
    NO MINVALUE
    NO MAXVALUE
    CACHE 1
);


--
-- TOC entry 253 (class 1259 OID 16934)
-- Name: cours; Type: TABLE; Schema: public; Owner: postgres
--

CREATE TABLE public.cours (
    num_cours integer NOT NULL,
    type_cours character varying(30) NOT NULL,
    heure_debut time without time zone NOT NULL,
    heure_fin time without time zone NOT NULL,
    id_matiere character varying(20),
    id_enseignant integer,
    CONSTRAINT cours_check CHECK ((heure_fin > heure_debut))
);


ALTER TABLE public.cours OWNER TO postgres;

--
-- TOC entry 252 (class 1259 OID 16933)
-- Name: cours_num_cours_seq; Type: SEQUENCE; Schema: public; Owner: postgres
--

CREATE SEQUENCE public.cours_num_cours_seq
    AS integer
    START WITH 1
    INCREMENT BY 1
    NO MINVALUE
    NO MAXVALUE
    CACHE 1;


ALTER SEQUENCE public.cours_num_cours_seq OWNER TO postgres;

--
-- TOC entry 5160 (class 0 OID 0)
-- Dependencies: 252
-- Name: cours_num_cours_seq; Type: SEQUENCE OWNED BY; Schema: public; Owner: postgres
--

ALTER SEQUENCE public.cours_num_cours_seq OWNED BY public.cours.num_cours;


--
-- TOC entry 251 (class 1259 OID 16908)
-- Name: demande; Type: TABLE; Schema: public; Owner: postgres
--

CREATE TABLE public.demande (
    id_demande integer NOT NULL,
    id_enseignant integer NOT NULL,
    type_demande character varying(50) NOT NULL,
    sujet character varying(200) NOT NULL,
    details text,
    date_concernee date,
    date_envoi timestamp without time zone DEFAULT CURRENT_TIMESTAMP,
    statut character varying(20) DEFAULT 'En attente'::character varying,
    reponse text
);


ALTER TABLE public.demande OWNER TO postgres;

--
-- TOC entry 250 (class 1259 OID 16907)
-- Name: demande_id_demande_seq; Type: SEQUENCE; Schema: public; Owner: postgres
--

CREATE SEQUENCE public.demande_id_demande_seq
    AS integer
    START WITH 1
    INCREMENT BY 1
    NO MINVALUE
    NO MAXVALUE
    CACHE 1;


ALTER SEQUENCE public.demande_id_demande_seq OWNER TO postgres;

--
-- TOC entry 5161 (class 0 OID 0)
-- Dependencies: 250
-- Name: demande_id_demande_seq; Type: SEQUENCE OWNED BY; Schema: public; Owner: postgres
--

ALTER SEQUENCE public.demande_id_demande_seq OWNED BY public.demande.id_demande;


--
-- TOC entry 242 (class 1259 OID 16760)
-- Name: disponibilite; Type: TABLE; Schema: public; Owner: postgres
--

CREATE TABLE public.disponibilite (
    id_disponibilite integer NOT NULL,
    id_enseignant integer,
    jour character varying(20) NOT NULL,
    heure_debut time without time zone NOT NULL,
    heure_fin time without time zone NOT NULL,
    type_disponibilite character varying(50),
    commentaire text,
    CONSTRAINT disponibilite_check CHECK ((heure_fin > heure_debut))
);


ALTER TABLE public.disponibilite OWNER TO postgres;

--
-- TOC entry 241 (class 1259 OID 16759)
-- Name: disponibilite_id_disponibilite_seq; Type: SEQUENCE; Schema: public; Owner: postgres
--

CREATE SEQUENCE public.disponibilite_id_disponibilite_seq
    AS integer
    START WITH 1
    INCREMENT BY 1
    NO MINVALUE
    NO MAXVALUE
    CACHE 1;


ALTER SEQUENCE public.disponibilite_id_disponibilite_seq OWNER TO postgres;

--
-- TOC entry 5162 (class 0 OID 0)
-- Dependencies: 241
-- Name: disponibilite_id_disponibilite_seq; Type: SEQUENCE OWNED BY; Schema: public; Owner: postgres
--

ALTER SEQUENCE public.disponibilite_id_disponibilite_seq OWNED BY public.disponibilite.id_disponibilite;


--
-- TOC entry 232 (class 1259 OID 16648)
-- Name: django_admin_log; Type: TABLE; Schema: public; Owner: postgres
--

CREATE TABLE public.django_admin_log (
    id integer NOT NULL,
    action_time timestamp with time zone NOT NULL,
    object_id text,
    object_repr character varying(200) NOT NULL,
    action_flag smallint NOT NULL,
    change_message text NOT NULL,
    content_type_id integer,
    user_id integer NOT NULL,
    CONSTRAINT django_admin_log_action_flag_check CHECK ((action_flag >= 0))
);


ALTER TABLE public.django_admin_log OWNER TO postgres;

--
-- TOC entry 231 (class 1259 OID 16647)
-- Name: django_admin_log_id_seq; Type: SEQUENCE; Schema: public; Owner: postgres
--

ALTER TABLE public.django_admin_log ALTER COLUMN id ADD GENERATED BY DEFAULT AS IDENTITY (
    SEQUENCE NAME public.django_admin_log_id_seq
    START WITH 1
    INCREMENT BY 1
    NO MINVALUE
    NO MAXVALUE
    CACHE 1
);


--
-- TOC entry 218 (class 1259 OID 16548)
-- Name: django_content_type; Type: TABLE; Schema: public; Owner: postgres
--

CREATE TABLE public.django_content_type (
    id integer NOT NULL,
    app_label character varying(100) NOT NULL,
    model character varying(100) NOT NULL
);


ALTER TABLE public.django_content_type OWNER TO postgres;

--
-- TOC entry 217 (class 1259 OID 16547)
-- Name: django_content_type_id_seq; Type: SEQUENCE; Schema: public; Owner: postgres
--

ALTER TABLE public.django_content_type ALTER COLUMN id ADD GENERATED BY DEFAULT AS IDENTITY (
    SEQUENCE NAME public.django_content_type_id_seq
    START WITH 1
    INCREMENT BY 1
    NO MINVALUE
    NO MAXVALUE
    CACHE 1
);


--
-- TOC entry 216 (class 1259 OID 16540)
-- Name: django_migrations; Type: TABLE; Schema: public; Owner: postgres
--

CREATE TABLE public.django_migrations (
    id bigint NOT NULL,
    app character varying(255) NOT NULL,
    name character varying(255) NOT NULL,
    applied timestamp with time zone NOT NULL
);


ALTER TABLE public.django_migrations OWNER TO postgres;

--
-- TOC entry 215 (class 1259 OID 16539)
-- Name: django_migrations_id_seq; Type: SEQUENCE; Schema: public; Owner: postgres
--

ALTER TABLE public.django_migrations ALTER COLUMN id ADD GENERATED BY DEFAULT AS IDENTITY (
    SEQUENCE NAME public.django_migrations_id_seq
    START WITH 1
    INCREMENT BY 1
    NO MINVALUE
    NO MAXVALUE
    CACHE 1
);


--
-- TOC entry 233 (class 1259 OID 16676)
-- Name: django_session; Type: TABLE; Schema: public; Owner: postgres
--

CREATE TABLE public.django_session (
    session_key character varying(40) NOT NULL,
    session_data text NOT NULL,
    expire_date timestamp with time zone NOT NULL
);


ALTER TABLE public.django_session OWNER TO postgres;

--
-- TOC entry 255 (class 1259 OID 16952)
-- Name: emploi_du_temps; Type: TABLE; Schema: public; Owner: postgres
--

CREATE TABLE public.emploi_du_temps (
    id_edt integer NOT NULL,
    num_cours integer,
    id_salle integer,
    jour character varying(20) NOT NULL,
    date date NOT NULL,
    statut character varying(20) DEFAULT 'Planifie'::character varying,
    CONSTRAINT emploi_du_temps_jour_check CHECK (((jour)::text = ANY ((ARRAY['Lundi'::character varying, 'Mardi'::character varying, 'Mercredi'::character varying, 'Jeudi'::character varying, 'Vendredi'::character varying, 'Samedi'::character varying])::text[]))),
    CONSTRAINT emploi_du_temps_statut_check CHECK (((statut)::text = ANY ((ARRAY['Planifie'::character varying, 'Annule'::character varying, 'Reporte'::character varying])::text[])))
);


ALTER TABLE public.emploi_du_temps OWNER TO postgres;

--
-- TOC entry 254 (class 1259 OID 16951)
-- Name: emploi_du_temps_id_edt_seq; Type: SEQUENCE; Schema: public; Owner: postgres
--

CREATE SEQUENCE public.emploi_du_temps_id_edt_seq
    AS integer
    START WITH 1
    INCREMENT BY 1
    NO MINVALUE
    NO MAXVALUE
    CACHE 1;


ALTER SEQUENCE public.emploi_du_temps_id_edt_seq OWNER TO postgres;

--
-- TOC entry 5163 (class 0 OID 0)
-- Dependencies: 254
-- Name: emploi_du_temps_id_edt_seq; Type: SEQUENCE OWNED BY; Schema: public; Owner: postgres
--

ALTER SEQUENCE public.emploi_du_temps_id_edt_seq OWNED BY public.emploi_du_temps.id_edt;


--
-- TOC entry 235 (class 1259 OID 16686)
-- Name: enseignant; Type: TABLE; Schema: public; Owner: postgres
--

CREATE TABLE public.enseignant (
    id_enseignant integer NOT NULL,
    nom character varying(100) NOT NULL,
    prenom character varying(100) NOT NULL,
    email character varying(150) NOT NULL,
    mot_de_passe character varying(255) NOT NULL,
    departement character varying(100),
    grade character varying(50),
    statut character varying(20) DEFAULT 'Actif'::character varying,
    premiere_connexion boolean DEFAULT true
);


ALTER TABLE public.enseignant OWNER TO postgres;

--
-- TOC entry 234 (class 1259 OID 16685)
-- Name: enseignant_id_enseignant_seq; Type: SEQUENCE; Schema: public; Owner: postgres
--

CREATE SEQUENCE public.enseignant_id_enseignant_seq
    AS integer
    START WITH 1
    INCREMENT BY 1
    NO MINVALUE
    NO MAXVALUE
    CACHE 1;


ALTER SEQUENCE public.enseignant_id_enseignant_seq OWNER TO postgres;

--
-- TOC entry 5164 (class 0 OID 0)
-- Dependencies: 234
-- Name: enseignant_id_enseignant_seq; Type: SEQUENCE OWNED BY; Schema: public; Owner: postgres
--

ALTER SEQUENCE public.enseignant_id_enseignant_seq OWNED BY public.enseignant.id_enseignant;


--
-- TOC entry 245 (class 1259 OID 16796)
-- Name: enseignant_matiere; Type: TABLE; Schema: public; Owner: postgres
--

CREATE TABLE public.enseignant_matiere (
    id_enseignant integer NOT NULL,
    id_matiere character varying(20) NOT NULL
);


ALTER TABLE public.enseignant_matiere OWNER TO postgres;

--
-- TOC entry 247 (class 1259 OID 16812)
-- Name: equipement_salle; Type: TABLE; Schema: public; Owner: postgres
--

CREATE TABLE public.equipement_salle (
    id_equipement integer NOT NULL,
    id_salle integer,
    nom_equipement character varying(100) NOT NULL,
    quantite integer DEFAULT 1,
    CONSTRAINT equipement_salle_quantite_check CHECK ((quantite > 0))
);


ALTER TABLE public.equipement_salle OWNER TO postgres;

--
-- TOC entry 246 (class 1259 OID 16811)
-- Name: equipement_salle_id_equipement_seq; Type: SEQUENCE; Schema: public; Owner: postgres
--

CREATE SEQUENCE public.equipement_salle_id_equipement_seq
    AS integer
    START WITH 1
    INCREMENT BY 1
    NO MINVALUE
    NO MAXVALUE
    CACHE 1;


ALTER SEQUENCE public.equipement_salle_id_equipement_seq OWNER TO postgres;

--
-- TOC entry 5165 (class 0 OID 0)
-- Dependencies: 246
-- Name: equipement_salle_id_equipement_seq; Type: SEQUENCE OWNED BY; Schema: public; Owner: postgres
--

ALTER SEQUENCE public.equipement_salle_id_equipement_seq OWNED BY public.equipement_salle.id_equipement;


--
-- TOC entry 249 (class 1259 OID 16898)
-- Name: formation; Type: TABLE; Schema: public; Owner: postgres
--

CREATE TABLE public.formation (
    id_formation integer NOT NULL,
    nom_formation character varying(100) NOT NULL,
    niveau character varying(10) NOT NULL,
    departement character varying(100) NOT NULL,
    semestre_actuel integer DEFAULT 1,
    effectif integer DEFAULT 70,
    CONSTRAINT formation_niveau_check CHECK (((niveau)::text = ANY ((ARRAY['L1'::character varying, 'L2'::character varying, 'L3'::character varying, 'M1'::character varying, 'M2'::character varying])::text[]))),
    CONSTRAINT formation_semestre_actuel_check CHECK ((semestre_actuel = ANY (ARRAY[1, 2])))
);


ALTER TABLE public.formation OWNER TO postgres;

--
-- TOC entry 248 (class 1259 OID 16897)
-- Name: formation_id_formation_seq; Type: SEQUENCE; Schema: public; Owner: postgres
--

CREATE SEQUENCE public.formation_id_formation_seq
    AS integer
    START WITH 1
    INCREMENT BY 1
    NO MINVALUE
    NO MAXVALUE
    CACHE 1;


ALTER SEQUENCE public.formation_id_formation_seq OWNER TO postgres;

--
-- TOC entry 5166 (class 0 OID 0)
-- Dependencies: 248
-- Name: formation_id_formation_seq; Type: SEQUENCE OWNED BY; Schema: public; Owner: postgres
--

ALTER SEQUENCE public.formation_id_formation_seq OWNED BY public.formation.id_formation;


--
-- TOC entry 238 (class 1259 OID 16708)
-- Name: matiere; Type: TABLE; Schema: public; Owner: postgres
--

CREATE TABLE public.matiere (
    id_matiere character varying(20) NOT NULL,
    nom_matiere character varying(100) NOT NULL,
    id_formation integer,
    nb_cm integer DEFAULT 1,
    nb_td integer DEFAULT 1,
    nb_tp integer DEFAULT 0,
    nb_labo integer DEFAULT 0
);


ALTER TABLE public.matiere OWNER TO postgres;

--
-- TOC entry 244 (class 1259 OID 16775)
-- Name: notification; Type: TABLE; Schema: public; Owner: postgres
--

CREATE TABLE public.notification (
    id_notification integer NOT NULL,
    destinataire_type character varying(20) NOT NULL,
    id_enseignant integer,
    id_admin integer,
    titre character varying(150) NOT NULL,
    message text NOT NULL,
    date_envoi timestamp without time zone DEFAULT CURRENT_TIMESTAMP,
    est_lue boolean DEFAULT false,
    CONSTRAINT notification_destinataire_type_check CHECK (((destinataire_type)::text = ANY ((ARRAY['Enseignant'::character varying, 'Administrateur'::character varying])::text[])))
);


ALTER TABLE public.notification OWNER TO postgres;

--
-- TOC entry 243 (class 1259 OID 16774)
-- Name: notification_id_notification_seq; Type: SEQUENCE; Schema: public; Owner: postgres
--

CREATE SEQUENCE public.notification_id_notification_seq
    AS integer
    START WITH 1
    INCREMENT BY 1
    NO MINVALUE
    NO MAXVALUE
    CACHE 1;


ALTER SEQUENCE public.notification_id_notification_seq OWNER TO postgres;

--
-- TOC entry 5167 (class 0 OID 0)
-- Dependencies: 243
-- Name: notification_id_notification_seq; Type: SEQUENCE OWNED BY; Schema: public; Owner: postgres
--

ALTER SEQUENCE public.notification_id_notification_seq OWNED BY public.notification.id_notification;


--
-- TOC entry 240 (class 1259 OID 16714)
-- Name: salle; Type: TABLE; Schema: public; Owner: postgres
--

CREATE TABLE public.salle (
    id_salle integer NOT NULL,
    nom_salle character varying(50) NOT NULL,
    capacite integer,
    type_salle character varying(50),
    localisation character varying(100),
    est_disponible boolean DEFAULT true,
    CONSTRAINT salle_capacite_check CHECK ((capacite > 0))
);


ALTER TABLE public.salle OWNER TO postgres;

--
-- TOC entry 239 (class 1259 OID 16713)
-- Name: salle_id_salle_seq; Type: SEQUENCE; Schema: public; Owner: postgres
--

CREATE SEQUENCE public.salle_id_salle_seq
    AS integer
    START WITH 1
    INCREMENT BY 1
    NO MINVALUE
    NO MAXVALUE
    CACHE 1;


ALTER SEQUENCE public.salle_id_salle_seq OWNER TO postgres;

--
-- TOC entry 5168 (class 0 OID 0)
-- Dependencies: 239
-- Name: salle_id_salle_seq; Type: SEQUENCE OWNED BY; Schema: public; Owner: postgres
--

ALTER SEQUENCE public.salle_id_salle_seq OWNED BY public.salle.id_salle;


--
-- TOC entry 4840 (class 2604 OID 16701)
-- Name: administrateur id_admin; Type: DEFAULT; Schema: public; Owner: postgres
--

ALTER TABLE ONLY public.administrateur ALTER COLUMN id_admin SET DEFAULT nextval('public.administrateur_id_admin_seq'::regclass);


--
-- TOC entry 4859 (class 2604 OID 16937)
-- Name: cours num_cours; Type: DEFAULT; Schema: public; Owner: postgres
--

ALTER TABLE ONLY public.cours ALTER COLUMN num_cours SET DEFAULT nextval('public.cours_num_cours_seq'::regclass);


--
-- TOC entry 4856 (class 2604 OID 16911)
-- Name: demande id_demande; Type: DEFAULT; Schema: public; Owner: postgres
--

ALTER TABLE ONLY public.demande ALTER COLUMN id_demande SET DEFAULT nextval('public.demande_id_demande_seq'::regclass);


--
-- TOC entry 4847 (class 2604 OID 16763)
-- Name: disponibilite id_disponibilite; Type: DEFAULT; Schema: public; Owner: postgres
--

ALTER TABLE ONLY public.disponibilite ALTER COLUMN id_disponibilite SET DEFAULT nextval('public.disponibilite_id_disponibilite_seq'::regclass);


--
-- TOC entry 4860 (class 2604 OID 16955)
-- Name: emploi_du_temps id_edt; Type: DEFAULT; Schema: public; Owner: postgres
--

ALTER TABLE ONLY public.emploi_du_temps ALTER COLUMN id_edt SET DEFAULT nextval('public.emploi_du_temps_id_edt_seq'::regclass);


--
-- TOC entry 4837 (class 2604 OID 16689)
-- Name: enseignant id_enseignant; Type: DEFAULT; Schema: public; Owner: postgres
--

ALTER TABLE ONLY public.enseignant ALTER COLUMN id_enseignant SET DEFAULT nextval('public.enseignant_id_enseignant_seq'::regclass);


--
-- TOC entry 4851 (class 2604 OID 16815)
-- Name: equipement_salle id_equipement; Type: DEFAULT; Schema: public; Owner: postgres
--

ALTER TABLE ONLY public.equipement_salle ALTER COLUMN id_equipement SET DEFAULT nextval('public.equipement_salle_id_equipement_seq'::regclass);


--
-- TOC entry 4853 (class 2604 OID 16901)
-- Name: formation id_formation; Type: DEFAULT; Schema: public; Owner: postgres
--

ALTER TABLE ONLY public.formation ALTER COLUMN id_formation SET DEFAULT nextval('public.formation_id_formation_seq'::regclass);


--
-- TOC entry 4848 (class 2604 OID 16778)
-- Name: notification id_notification; Type: DEFAULT; Schema: public; Owner: postgres
--

ALTER TABLE ONLY public.notification ALTER COLUMN id_notification SET DEFAULT nextval('public.notification_id_notification_seq'::regclass);


--
-- TOC entry 4845 (class 2604 OID 16717)
-- Name: salle id_salle; Type: DEFAULT; Schema: public; Owner: postgres
--

ALTER TABLE ONLY public.salle ALTER COLUMN id_salle SET DEFAULT nextval('public.salle_id_salle_seq'::regclass);


--
-- TOC entry 5135 (class 0 OID 16698)
-- Dependencies: 237
-- Data for Name: administrateur; Type: TABLE DATA; Schema: public; Owner: postgres
--

COPY public.administrateur (id_admin, nom, prenom, email, mot_de_passe, poste, permissions) FROM stdin;
1	Sadia	Emmanuel	emmanuel.sadia@gmail.com	adminpass	Responsable Pédagogique	Gestion complète des emplois du temps
2	Don	Bellystar	belleystar.don@gmail.com	secure123	Directeur Département	Validation des plannings
\.


--
-- TOC entry 5120 (class 0 OID 16562)
-- Dependencies: 222
-- Data for Name: auth_group; Type: TABLE DATA; Schema: public; Owner: postgres
--

COPY public.auth_group (id, name) FROM stdin;
\.


--
-- TOC entry 5122 (class 0 OID 16570)
-- Dependencies: 224
-- Data for Name: auth_group_permissions; Type: TABLE DATA; Schema: public; Owner: postgres
--

COPY public.auth_group_permissions (id, group_id, permission_id) FROM stdin;
\.


--
-- TOC entry 5118 (class 0 OID 16556)
-- Dependencies: 220
-- Data for Name: auth_permission; Type: TABLE DATA; Schema: public; Owner: postgres
--

COPY public.auth_permission (id, name, content_type_id, codename) FROM stdin;
1	Can add log entry	1	add_logentry
2	Can change log entry	1	change_logentry
3	Can delete log entry	1	delete_logentry
4	Can view log entry	1	view_logentry
5	Can add permission	3	add_permission
6	Can change permission	3	change_permission
7	Can delete permission	3	delete_permission
8	Can view permission	3	view_permission
9	Can add group	2	add_group
10	Can change group	2	change_group
11	Can delete group	2	delete_group
12	Can view group	2	view_group
13	Can add user	4	add_user
14	Can change user	4	change_user
15	Can delete user	4	delete_user
16	Can view user	4	view_user
17	Can add content type	5	add_contenttype
18	Can change content type	5	change_contenttype
19	Can delete content type	5	delete_contenttype
20	Can view content type	5	view_contenttype
21	Can add session	6	add_session
22	Can change session	6	change_session
23	Can delete session	6	delete_session
24	Can view session	6	view_session
25	Can add administrateur	7	add_administrateur
26	Can change administrateur	7	change_administrateur
27	Can delete administrateur	7	delete_administrateur
28	Can view administrateur	7	view_administrateur
29	Can add cours	8	add_cours
30	Can change cours	8	change_cours
31	Can delete cours	8	delete_cours
32	Can view cours	8	view_cours
33	Can add disponibilite	9	add_disponibilite
34	Can change disponibilite	9	change_disponibilite
35	Can delete disponibilite	9	delete_disponibilite
36	Can view disponibilite	9	view_disponibilite
37	Can add emploi du temps	10	add_emploidutemps
38	Can change emploi du temps	10	change_emploidutemps
39	Can delete emploi du temps	10	delete_emploidutemps
40	Can view emploi du temps	10	view_emploidutemps
41	Can add enseignant	11	add_enseignant
42	Can change enseignant	11	change_enseignant
43	Can delete enseignant	11	delete_enseignant
44	Can view enseignant	11	view_enseignant
45	Can add enseignant matiere	12	add_enseignantmatiere
46	Can change enseignant matiere	12	change_enseignantmatiere
47	Can delete enseignant matiere	12	delete_enseignantmatiere
48	Can view enseignant matiere	12	view_enseignantmatiere
49	Can add equipement salle	13	add_equipementsalle
50	Can change equipement salle	13	change_equipementsalle
51	Can delete equipement salle	13	delete_equipementsalle
52	Can view equipement salle	13	view_equipementsalle
53	Can add matiere	14	add_matiere
54	Can change matiere	14	change_matiere
55	Can delete matiere	14	delete_matiere
56	Can view matiere	14	view_matiere
57	Can add notification	15	add_notification
58	Can change notification	15	change_notification
59	Can delete notification	15	delete_notification
60	Can view notification	15	view_notification
61	Can add salle	16	add_salle
62	Can change salle	16	change_salle
63	Can delete salle	16	delete_salle
64	Can view salle	16	view_salle
\.


--
-- TOC entry 5124 (class 0 OID 16576)
-- Dependencies: 226
-- Data for Name: auth_user; Type: TABLE DATA; Schema: public; Owner: postgres
--

COPY public.auth_user (id, password, last_login, is_superuser, username, first_name, last_name, email, is_staff, is_active, date_joined) FROM stdin;
1	pbkdf2_sha256$1200000$cDPCsupnPiZLnTUT1kBpGX$RHVT/lijy4hWbJmQLiKakyN+JmW3e9U55hvvkq/oED8=	2026-02-17 18:14:32.885055+01	t	ndanga			ndangadonbellystar@gmail.com	t	t	2026-02-17 18:08:05.487644+01
\.


--
-- TOC entry 5126 (class 0 OID 16584)
-- Dependencies: 228
-- Data for Name: auth_user_groups; Type: TABLE DATA; Schema: public; Owner: postgres
--

COPY public.auth_user_groups (id, user_id, group_id) FROM stdin;
\.


--
-- TOC entry 5128 (class 0 OID 16590)
-- Dependencies: 230
-- Data for Name: auth_user_user_permissions; Type: TABLE DATA; Schema: public; Owner: postgres
--

COPY public.auth_user_user_permissions (id, user_id, permission_id) FROM stdin;
\.


--
-- TOC entry 5151 (class 0 OID 16934)
-- Dependencies: 253
-- Data for Name: cours; Type: TABLE DATA; Schema: public; Owner: postgres
--

COPY public.cours (num_cours, type_cours, heure_debut, heure_fin, id_matiere, id_enseignant) FROM stdin;
116	CM	10:50:00	12:50:00	INF001	12
117	TD	14:10:00	16:10:00	INF001	12
118	TD	16:25:00	18:25:00	INF001	12
119	CM	08:20:00	10:20:00	INF002	16
120	TD	10:50:00	12:50:00	INF002	16
121	TD	14:10:00	16:10:00	INF002	16
122	CM	08:20:00	10:20:00	INF003	1
123	TD	10:50:00	12:50:00	INF003	1
124	TD	14:10:00	16:10:00	INF003	1
125	CM	14:10:00	16:10:00	INF004	13
126	TD	16:25:00	18:25:00	INF004	13
127	TD	10:50:00	12:50:00	INF004	13
128	CM	10:50:00	12:50:00	INF005	15
129	TD	14:10:00	16:10:00	INF005	15
130	TD	14:10:00	16:10:00	INF005	15
131	CM	08:20:00	10:20:00	INF006	14
132	TD	08:20:00	10:20:00	INF006	14
133	TD	14:10:00	16:10:00	INF006	14
134	CM	14:10:00	16:10:00	CHM051	17
135	TD	16:25:00	18:25:00	CHM051	17
136	Labo	18:30:00	20:30:00	CHM051	17
137	CM	08:20:00	10:20:00	CHM052	20
138	TD	10:50:00	12:50:00	CHM052	20
139	Labo	08:20:00	10:20:00	CHM052	20
140	CM	16:25:00	18:25:00	CHM053	18
141	TD	18:30:00	20:30:00	CHM053	18
142	Labo	16:25:00	18:25:00	CHM053	18
143	CM	08:20:00	10:20:00	CHM054	21
144	TD	10:50:00	12:50:00	CHM054	21
145	TD	08:20:00	10:20:00	CHM054	21
146	CM	14:10:00	16:10:00	CHM055	19
147	TD	08:20:00	10:20:00	CHM055	19
148	TD	10:50:00	12:50:00	CHM055	19
149	CM	18:30:00	20:30:00	CHM056	22
150	TD	08:20:00	10:20:00	CHM056	22
151	TD	10:50:00	12:50:00	CHM056	22
\.


--
-- TOC entry 5149 (class 0 OID 16908)
-- Dependencies: 251
-- Data for Name: demande; Type: TABLE DATA; Schema: public; Owner: postgres
--

COPY public.demande (id_demande, id_enseignant, type_demande, sujet, details, date_concernee, date_envoi, statut, reponse) FROM stdin;
1	12	probleme	PROBLEME	Bonjour, je viens de remarquer un probleme , je ne vois pa	2026-02-22	2026-02-22 22:10:47.124267	Acceptée	bonjour cher Ndanga, vous serez informé de l'avancement de l'emploi du temps\n\nvous allez recevoir, une notifications
\.


--
-- TOC entry 5140 (class 0 OID 16760)
-- Dependencies: 242
-- Data for Name: disponibilite; Type: TABLE DATA; Schema: public; Owner: postgres
--

COPY public.disponibilite (id_disponibilite, id_enseignant, jour, heure_debut, heure_fin, type_disponibilite, commentaire) FROM stdin;
13	1	Lundi	08:20:00	10:20:00	Disponible	
14	1	Lundi	10:50:00	12:50:00	Disponible	
15	1	Mardi	14:10:00	16:10:00	Disponible	
16	1	Mardi	16:25:00	18:25:00	Disponible	
17	1	Mercredi	08:20:00	10:20:00	Disponible	
18	1	Mercredi	10:50:00	12:50:00	Disponible	
19	1	Vendredi	10:50:00	12:50:00	Disponible	
20	1	Vendredi	08:20:00	10:20:00	Disponible	
21	12	Lundi	10:50:00	12:50:00	Disponible	
22	12	Lundi	14:10:00	16:10:00	Disponible	
23	12	Lundi	16:25:00	18:25:00	Disponible	
24	12	Mercredi	14:10:00	16:10:00	Disponible	
25	12	Jeudi	14:10:00	16:10:00	Disponible	
26	12	Vendredi	14:10:00	16:10:00	Disponible	
28	15	Mardi	10:50:00	12:50:00	Disponible	
29	15	Mardi	14:10:00	16:10:00	Disponible	
30	15	Mardi	16:25:00	18:25:00	Disponible	
31	15	Mercredi	10:50:00	12:50:00	Disponible	
32	16	Lundi	08:20:00	10:20:00	Disponible	
33	16	Lundi	10:50:00	12:50:00	Disponible	
34	16	Lundi	14:10:00	16:10:00	Disponible	
37	16	Jeudi	16:25:00	18:25:00	Disponible	
38	16	Jeudi	10:50:00	12:50:00	Disponible	
39	13	Mardi	14:10:00	16:10:00	Disponible	
40	13	Mercredi	10:50:00	12:50:00	Disponible	
41	13	Jeudi	08:20:00	10:20:00	Disponible	
42	13	Jeudi	16:25:00	18:25:00	Disponible	
43	13	Mercredi	16:25:00	18:25:00	Disponible	
44	13	Mardi	16:25:00	18:25:00	Disponible	
45	14	Mercredi	08:20:00	10:20:00	Disponible	
46	14	Jeudi	08:20:00	10:20:00	Disponible	
47	14	Vendredi	14:10:00	16:10:00	Disponible	
48	14	Vendredi	16:25:00	18:25:00	Disponible	
49	14	Jeudi	14:10:00	16:10:00	Disponible	
50	14	Jeudi	16:25:00	18:25:00	Disponible	
51	17	Lundi	08:20:00	10:20:00	Disponible	
52	17	Lundi	10:50:00	12:50:00	Disponible	
53	17	Mardi	10:50:00	12:50:00	Disponible	
54	17	Mardi	14:10:00	16:10:00	Disponible	
55	17	Mardi	16:25:00	18:25:00	Disponible	
56	17	Mardi	18:30:00	20:30:00	Disponible	
57	17	Mercredi	08:20:00	10:20:00	Disponible	
58	17	Mercredi	10:50:00	12:50:00	Disponible	
59	17	Mercredi	14:10:00	16:10:00	Disponible	
60	18	Lundi	08:20:00	10:20:00	Disponible	
61	18	Lundi	16:25:00	18:25:00	Disponible	
62	18	Lundi	18:30:00	20:30:00	Disponible	
63	18	Mardi	16:25:00	18:25:00	Disponible	
64	18	Mardi	18:30:00	20:30:00	Disponible	
65	18	Mercredi	16:25:00	18:25:00	Disponible	
66	18	Mercredi	18:30:00	20:30:00	Disponible	
67	18	Jeudi	16:25:00	18:25:00	Disponible	
68	18	Jeudi	18:30:00	20:30:00	Disponible	
69	19	Lundi	14:10:00	16:10:00	Disponible	
70	19	Jeudi	08:20:00	10:20:00	Disponible	
71	19	Jeudi	10:50:00	12:50:00	Disponible	
72	19	Jeudi	14:10:00	16:10:00	Disponible	
73	19	Vendredi	10:50:00	12:50:00	Disponible	
74	19	Vendredi	08:20:00	10:20:00	Disponible	
75	19	Mercredi	08:20:00	10:20:00	Disponible	
76	19	Mercredi	10:50:00	12:50:00	Disponible	
77	19	Mercredi	16:25:00	18:25:00	Disponible	
78	19	Mercredi	18:30:00	20:30:00	Disponible	
79	15	Mercredi	14:10:00	16:10:00	Disponible	
80	15	Mercredi	16:25:00	18:25:00	Disponible	
81	15	Jeudi	10:50:00	12:50:00	Disponible	
82	15	Jeudi	14:10:00	16:10:00	Disponible	
83	20	Vendredi	08:20:00	10:20:00	Disponible	
84	20	Vendredi	10:50:00	12:50:00	Disponible	
85	20	Vendredi	14:10:00	16:10:00	Disponible	
86	20	Vendredi	16:25:00	18:25:00	Disponible	
87	20	Vendredi	18:30:00	20:30:00	Disponible	
88	20	Jeudi	08:20:00	10:20:00	Disponible	
89	20	Jeudi	10:50:00	12:50:00	Disponible	
90	21	Mercredi	08:20:00	10:20:00	Disponible	
91	21	Mercredi	10:50:00	12:50:00	Disponible	
92	21	Mercredi	14:10:00	16:10:00	Disponible	
93	21	Mercredi	16:25:00	18:25:00	Disponible	
94	21	Mercredi	18:30:00	20:30:00	Disponible	
95	21	Mardi	08:20:00	10:20:00	Disponible	
96	21	Mardi	10:50:00	12:50:00	Disponible	
97	21	Jeudi	08:20:00	10:20:00	Disponible	
98	21	Jeudi	10:50:00	12:50:00	Disponible	
99	21	Jeudi	14:10:00	16:10:00	Disponible	
100	22	Mardi	08:20:00	10:20:00	Disponible	
101	22	Mardi	10:50:00	12:50:00	Disponible	
102	22	Mardi	14:10:00	16:10:00	Disponible	
103	22	Mardi	16:25:00	18:25:00	Disponible	
104	22	Mardi	18:30:00	20:30:00	Disponible	
105	22	Lundi	18:30:00	20:30:00	Disponible	
\.


--
-- TOC entry 5130 (class 0 OID 16648)
-- Dependencies: 232
-- Data for Name: django_admin_log; Type: TABLE DATA; Schema: public; Owner: postgres
--

COPY public.django_admin_log (id, action_time, object_id, object_repr, action_flag, change_message, content_type_id, user_id) FROM stdin;
\.


--
-- TOC entry 5116 (class 0 OID 16548)
-- Dependencies: 218
-- Data for Name: django_content_type; Type: TABLE DATA; Schema: public; Owner: postgres
--

COPY public.django_content_type (id, app_label, model) FROM stdin;
1	admin	logentry
2	auth	group
3	auth	permission
4	auth	user
5	contenttypes	contenttype
6	sessions	session
7	schedule	administrateur
8	schedule	cours
9	schedule	disponibilite
10	schedule	emploidutemps
11	schedule	enseignant
12	schedule	enseignantmatiere
13	schedule	equipementsalle
14	schedule	matiere
15	schedule	notification
16	schedule	salle
\.


--
-- TOC entry 5114 (class 0 OID 16540)
-- Dependencies: 216
-- Data for Name: django_migrations; Type: TABLE DATA; Schema: public; Owner: postgres
--

COPY public.django_migrations (id, app, name, applied) FROM stdin;
1	contenttypes	0001_initial	2026-02-17 18:05:08.838924+01
2	auth	0001_initial	2026-02-17 18:05:08.907202+01
3	admin	0001_initial	2026-02-17 18:05:08.926194+01
4	admin	0002_logentry_remove_auto_add	2026-02-17 18:05:08.930352+01
5	admin	0003_logentry_add_action_flag_choices	2026-02-17 18:05:08.934324+01
6	contenttypes	0002_remove_content_type_name	2026-02-17 18:05:08.945629+01
7	auth	0002_alter_permission_name_max_length	2026-02-17 18:05:08.95188+01
8	auth	0003_alter_user_email_max_length	2026-02-17 18:05:08.956517+01
9	auth	0004_alter_user_username_opts	2026-02-17 18:05:08.960713+01
10	auth	0005_alter_user_last_login_null	2026-02-17 18:05:08.96506+01
11	auth	0006_require_contenttypes_0002	2026-02-17 18:05:08.965999+01
12	auth	0007_alter_validators_add_error_messages	2026-02-17 18:05:08.973487+01
13	auth	0008_alter_user_username_max_length	2026-02-17 18:05:08.989637+01
14	auth	0009_alter_user_last_name_max_length	2026-02-17 18:05:08.99557+01
15	auth	0010_alter_group_name_max_length	2026-02-17 18:05:09.002016+01
16	auth	0011_update_proxy_permissions	2026-02-17 18:05:09.007927+01
17	auth	0012_alter_user_first_name_max_length	2026-02-17 18:05:09.012295+01
18	schedule	0001_initial	2026-02-17 18:05:09.017438+01
19	sessions	0001_initial	2026-02-17 18:05:09.029111+01
\.


--
-- TOC entry 5131 (class 0 OID 16676)
-- Dependencies: 233
-- Data for Name: django_session; Type: TABLE DATA; Schema: public; Owner: postgres
--

COPY public.django_session (session_key, session_data, expire_date) FROM stdin;
64180h5axinit6kx8mm02bu3wwnqrjuo	.eJxVjEEOwiAQRe_C2hBhoBSX7j1DMzNMpWogKe3KeHdD0oVu_3vvv9WE-5anvck6LUldlFGn342Qn1I6SA8s96q5lm1dSHdFH7TpW03yuh7u30HGlnuNFgRlthGAB-dGBPYwRIIzg0veUAoUPcvog0cINrrZBGFkomR8UJ8v65I4MA:1vsOee:SgdaqEHJye6pUXhOhBJbHA3pJj4x9QrSOy5xloJazOk	2026-03-03 18:14:32.89057+01
\.


--
-- TOC entry 5153 (class 0 OID 16952)
-- Dependencies: 255
-- Data for Name: emploi_du_temps; Type: TABLE DATA; Schema: public; Owner: postgres
--

COPY public.emploi_du_temps (id_edt, num_cours, id_salle, jour, date, statut) FROM stdin;
116	116	26	Lundi	2026-03-02	Planifie
117	117	34	Lundi	2026-03-02	Planifie
118	118	34	Lundi	2026-03-02	Planifie
119	119	26	Lundi	2026-03-02	Planifie
120	120	34	Lundi	2026-03-02	Planifie
121	121	35	Lundi	2026-03-02	Planifie
122	122	27	Lundi	2026-03-02	Planifie
123	123	35	Lundi	2026-03-02	Planifie
124	124	34	Mardi	2026-03-03	Planifie
125	125	26	Mardi	2026-03-03	Planifie
126	126	34	Mardi	2026-03-03	Planifie
127	127	34	Mercredi	2026-03-04	Planifie
128	128	26	Mardi	2026-03-03	Planifie
129	129	35	Mardi	2026-03-03	Planifie
130	130	34	Mercredi	2026-03-04	Planifie
131	131	26	Mercredi	2026-03-04	Planifie
132	132	34	Jeudi	2026-03-05	Planifie
133	133	34	Jeudi	2026-03-05	Planifie
134	134	90	Mardi	2026-03-03	Planifie
135	135	98	Mardi	2026-03-03	Planifie
136	136	116	Mardi	2026-03-03	Planifie
137	137	90	Jeudi	2026-03-05	Planifie
138	138	98	Jeudi	2026-03-05	Planifie
139	139	116	Vendredi	2026-03-06	Planifie
140	140	90	Mardi	2026-03-03	Planifie
141	141	98	Mardi	2026-03-03	Planifie
142	142	116	Mercredi	2026-03-04	Planifie
143	143	90	Mardi	2026-03-03	Planifie
144	144	98	Mardi	2026-03-03	Planifie
145	145	98	Mercredi	2026-03-04	Planifie
146	146	90	Lundi	2026-03-02	Planifie
147	147	99	Mercredi	2026-03-04	Planifie
148	148	98	Mercredi	2026-03-04	Planifie
149	149	90	Lundi	2026-03-02	Planifie
150	150	98	Mardi	2026-03-03	Planifie
151	151	99	Mardi	2026-03-03	Planifie
\.


--
-- TOC entry 5133 (class 0 OID 16686)
-- Dependencies: 235
-- Data for Name: enseignant; Type: TABLE DATA; Schema: public; Owner: postgres
--

COPY public.enseignant (id_enseignant, nom, prenom, email, mot_de_passe, departement, grade, statut, premiere_connexion) FROM stdin;
1	Sane	Moussa	moussa.sane@univ.com	azerty123	Informatique	Maître de conférences	Actif	f
12	ndanga	don belly star	ndangadonbellystar@gmail.com	temp1234	Informatique	Maître de conférences	Actif	f
15	dupont	marie	dupontmarie@gmail.com	temp1234	Informatique	Assistant	Actif	f
16	macron	emmanuel	macronemmanuel@gmail.com	temp1234	Informatique	Vacataire	Actif	f
13	izere	divin	izeredivin@gmail.com	temp1234	Informatique	Maître de conférences	Actif	f
14	mahamat	ali	mahamatali@gmail.com	temp1234	Informatique	Professeur	Actif	f
17	paul	dupont	pauldupont@gmail.com	temp1234	Chimie	Maître de conférences	Actif	f
18	igiraneza	beni	igiranezabeni@gmail.com	temp1234	Chimie	Assistant	Actif	f
19	maniriho	moise	manirihomoise@gmail.com	temp1234	Chimie	Maître de conférences	Actif	f
20	diakite	bouba	diakitebouba@gmail.com	temp1234	Chimie	Maître de conférences	Actif	f
21	elie	elegance	elieelegance@gmail.com	temp1234	Chimie	Assistant	Actif	f
22	sadio	mane	sadiomane@gmail.com	temp1234	Chimie	Maître de conférences	Actif	f
\.


--
-- TOC entry 5143 (class 0 OID 16796)
-- Dependencies: 245
-- Data for Name: enseignant_matiere; Type: TABLE DATA; Schema: public; Owner: postgres
--

COPY public.enseignant_matiere (id_enseignant, id_matiere) FROM stdin;
1	INF003
12	INF001
15	INF005
16	INF002
13	INF004
14	INF006
17	CHM051
18	CHM053
19	CHM055
20	CHM052
21	CHM054
22	CHM056
\.


--
-- TOC entry 5145 (class 0 OID 16812)
-- Dependencies: 247
-- Data for Name: equipement_salle; Type: TABLE DATA; Schema: public; Owner: postgres
--

COPY public.equipement_salle (id_equipement, id_salle, nom_equipement, quantite) FROM stdin;
\.


--
-- TOC entry 5147 (class 0 OID 16898)
-- Dependencies: 249
-- Data for Name: formation; Type: TABLE DATA; Schema: public; Owner: postgres
--

COPY public.formation (id_formation, nom_formation, niveau, departement, semestre_actuel, effectif) FROM stdin;
7	Licence 1 Informatique	L1	Informatique	1	70
9	Licence 1 Mathématiques	L1	Mathématiques	1	70
11	Licence 1 Physique	L1	Physique	1	70
13	Licence 1 Chimie	L1	Chimie	1	70
15	Licence 1 Biologie	L1	Biologie	1	70
17	Licence 1 Électronique	L1	Électronique	1	70
19	Licence 1 Histoire	L1	Histoire	1	70
25	Licence 1 Lettres	L1	Lettres	1	70
28	Licence 1 Géographie	L1	Géographie	1	70
8	Licence 2 Informatique	L2	Informatique	1	50
10	Licence 2 Mathématiques	L2	Mathématiques	1	50
12	Licence 2 Physique	L2	Physique	1	50
14	Licence 2 Chimie	L2	Chimie	1	50
16	Licence 2 Biologie	L2	Biologie	1	50
18	Licence 2 Électronique	L2	Électronique	1	50
20	Licence 2 Histoire	L2	Histoire	1	50
26	Licence 2 Lettres	L2	Lettres	1	50
29	Licence 2 Géographie	L2	Géographie	1	50
1	Licence 3 Informatique	L3	Informatique	1	35
2	Licence 3 Mathématiques	L3	Mathématiques	1	35
3	Licence 3 Physique	L3	Physique	1	35
4	Licence 3 Chimie	L3	Chimie	1	35
5	Licence 3 Biologie	L3	Biologie	1	35
6	Licence 3 Électronique	L3	Électronique	1	35
21	Licence 3 Histoire	L3	Histoire	1	35
27	Licence 3 Lettres	L3	Lettres	1	35
30	Licence 3 Géographie	L3	Géographie	1	35
\.


--
-- TOC entry 5136 (class 0 OID 16708)
-- Dependencies: 238
-- Data for Name: matiere; Type: TABLE DATA; Schema: public; Owner: postgres
--

COPY public.matiere (id_matiere, nom_matiere, id_formation, nb_cm, nb_td, nb_tp, nb_labo) FROM stdin;
INF051	Programmation Orientée Objet	8	1	1	0	1
INF052	Structures de Données	8	1	1	0	1
INF053	Systèmes d'Information	8	1	1	0	1
INF101	Programmation Web	1	1	1	0	1
INF102	Bases de Données	1	1	1	0	1
INF103	Réseaux Informatiques	1	1	1	0	1
PHY051	Mécanique des Solides	12	1	1	0	1
PHY052	Électrostatique et Magnétostatique	12	1	1	0	1
PHY053	Ondes et Vibrations	12	1	1	0	1
ELE101	Électronique Numérique	6	1	1	0	1
ELE102	Électronique Analogique	6	1	1	0	1
ELE103	Traitement du Signal	6	1	1	0	1
CHM051	Chimie Organique Fonctionnelle	14	1	1	0	1
CHM052	Cinétique Chimique	14	1	1	0	1
CHM053	Électrochimie	14	1	1	0	1
CHM101	Chimie Organique	4	1	1	0	1
CHM102	Chimie Inorganique	4	1	1	0	1
CHM103	Chimie Analytique	4	1	1	0	1
INF001	Introduction à l'Informatique	7	1	2	0	0
INF002	Algorithmique	7	1	2	0	0
INF003	Architecture des Ordinateurs	7	1	2	0	0
INF004	Programmation C	7	1	2	0	0
INF005	Mathématiques pour l'Informatique	7	1	2	0	0
INF006	Bureautique et Outils Numériques	7	1	2	0	0
MAT001	Analyse 1	9	1	2	0	0
MAT002	Algèbre 1	9	1	2	0	0
MAT003	Arithmétique	9	1	2	0	0
MAT004	Géométrie	9	1	2	0	0
MAT005	Logique Mathématique	9	1	2	0	0
MAT006	Introduction aux Probabilités	9	1	2	0	0
PHY001	Mécanique du Point	11	1	2	0	0
PHY002	Électricité	11	1	2	0	0
PHY003	Optique Géométrique	11	1	2	0	0
PHY004	Thermodynamique 1	11	1	2	0	0
PHY005	Outils Mathématiques pour la Physique	11	1	2	0	0
PHY006	Introduction à la Physique Moderne	11	1	2	0	0
MAT201	Analyse Mathématique	2	1	2	0	0
MAT202	Algèbre Linéaire	2	1	2	0	0
MAT203	Probabilités et Statistiques	2	1	2	0	0
MAT204	Topologie	2	1	2	0	0
MAT205	Équations Différentielles	2	1	2	0	0
MAT206	Analyse Numérique	2	1	2	0	0
MAT051	Analyse 2	10	1	2	0	0
MAT052	Algèbre 2	10	1	2	0	0
MAT053	Intégration	10	1	2	0	0
MAT054	Suites et Séries	10	1	2	0	0
MAT055	Statistiques Descriptives	10	1	2	0	0
MAT056	Calcul Matriciel	10	1	2	0	0
INF104	Algorithmique Avancée	1	1	2	0	0
CHM001	Chimie Générale	13	1	2	0	0
CHM002	Atomistique	13	1	2	0	0
CHM003	Liaisons Chimiques	13	1	2	0	0
CHM004	Thermochimie	13	1	2	0	0
CHM005	Chimie des Solutions Aqueuses	13	1	2	0	0
CHM006	Introduction à la Chimie Organique	13	1	2	0	0
BIO001	Biologie Générale	15	1	2	0	0
BIO002	Biologie Végétale	15	1	2	0	0
BIO003	Biologie Animale	15	1	2	0	0
BIO004	Chimie pour Biologistes	15	1	2	0	0
BIO005	Géologie	15	1	2	0	0
BIO006	Biostatistiques	15	1	2	0	0
ELE001	Circuits Électriques	17	1	2	0	0
ELE002	Électromagnétisme 1	17	1	2	0	0
ELE003	Composants Électroniques	17	1	2	0	0
ELE004	Logique Combinatoire	17	1	2	0	0
ELE005	Mathématiques pour l'Électronique	17	1	2	0	0
ELE006	Mesures Électriques	17	1	2	0	0
HIS001	Histoire Ancienne	19	1	2	0	0
HIS002	Histoire Médiévale	19	1	2	0	0
HIS003	Introduction aux Sciences Politiques	19	1	2	0	0
HIS004	Géographie Historique	19	1	2	0	0
HIS005	Méthodologie du Travail Universitaire	19	1	2	0	0
HIS006	Langues et Civilisations Anciennes	19	1	2	0	0
LET001	Littérature Française 1	25	1	2	0	0
LET002	Grammaire Française	25	1	2	0	0
LET003	Introduction à la Linguistique	25	1	2	0	0
LET004	Littérature Comparée	25	1	2	0	0
LET005	Expression Écrite et Orale	25	1	2	0	0
LET006	Latin ou Grec Ancien	25	1	2	0	0
GEO001	Introduction à la Géographie	28	1	2	0	0
GEO002	Cartographie	28	1	2	0	0
GEO003	Géographie Physique	28	1	2	0	0
GEO004	Géographie Humaine	28	1	2	0	0
GEO005	Climatologie	28	1	2	0	0
GEO006	Statistiques pour Géographes	28	1	2	0	0
HIS051	Histoire Moderne	20	1	2	0	0
HIS052	Histoire Contemporaine	20	1	2	0	0
HIS053	Historiographie	20	1	2	0	0
HIS054	Histoire des Relations Internationales	20	1	2	0	0
HIS055	Paléographie	20	1	2	0	0
HIS056	Histoire de l'Art	20	1	2	0	0
HIS101	Histoire des Idées Politiques	21	1	2	0	0
HIS102	Histoire de l'Afrique	21	1	2	0	0
HIS103	Histoire Économique et Sociale	21	1	2	0	0
HIS104	Épistémologie de l'Histoire	21	1	2	0	0
HIS105	Archéologie	21	1	2	0	0
HIS106	Séminaire de Recherche	21	1	2	0	0
LET051	Littérature Française 2	26	1	2	0	0
LET052	Stylistique	26	1	2	0	0
LET053	Phonétique et Phonologie	26	1	2	0	0
LET054	Littérature du Moyen Âge	26	1	2	0	0
LET055	Sémiotique	26	1	2	0	0
LET056	Littérature Francophone	26	1	2	0	0
LET101	Littérature du XVIIe siècle	27	1	2	0	0
LET102	Littérature du XVIIIe siècle	27	1	2	0	0
LET103	Théories Littéraires	27	1	2	0	0
LET104	Sociolinguistique	27	1	2	0	0
LET105	Analyse du Discours	27	1	2	0	0
LET106	Séminaire de Mémoire	27	1	2	0	0
GEO051	Géomorphologie	29	1	2	0	0
GEO052	Géographie Urbaine	29	1	2	0	0
GEO053	Géographie Rurale	29	1	2	0	0
GEO054	Hydrologie	29	1	2	0	0
GEO055	Télédétection	29	1	2	0	0
GEO056	Systèmes d'Information Géographique	29	1	2	0	0
GEO101	Aménagement du Territoire	30	1	2	0	0
GEO102	Géographie du Développement	30	1	2	0	0
GEO103	Biogéographie	30	1	2	0	0
GEO104	Géopolitique	30	1	2	0	0
GEO105	Environnement et Sociétés	30	1	2	0	0
GEO106	Séminaire de Terrain	30	1	2	0	0
INF105	Systèmes d'Exploitation	1	1	2	0	0
INF106	Génie Logiciel	1	1	2	0	0
PHY301	Mécanique Générale	3	1	2	0	0
PHY302	Électromagnétisme	3	1	2	0	0
PHY303	Optique	3	1	2	0	0
PHY304	Thermodynamique	3	1	2	0	0
PHY305	Physique Quantique	3	1	2	0	0
PHY306	Physique des Matériaux	3	1	2	0	0
CHM104	Chimie Physique	4	1	2	0	0
CHM105	Biochimie	4	1	2	0	0
CHM106	Chimie des Solutions	4	1	2	0	0
BIO201	Biologie Cellulaire	5	1	2	0	0
BIO202	Génétique	5	1	2	0	0
BIO203	Microbiologie	5	1	2	0	0
BIO204	Écologie	5	1	2	0	0
BIO205	Physiologie Animale	5	1	2	0	0
BIO206	Biologie Moléculaire	5	1	2	0	0
ELE104	Automatique	6	1	2	0	0
ELE105	Microcontrôleurs	6	1	2	0	0
ELE106	Télécommunications	6	1	2	0	0
INF054	Programmation Web Initiation	8	1	2	0	0
INF055	Bases de Données Relationnelles	8	1	2	0	0
INF056	Réseaux et Protocoles	8	1	2	0	0
PHY054	Thermodynamique 2	12	1	2	0	0
PHY055	Physique des Fluides	12	1	2	0	0
PHY056	Physique Expérimentale	12	1	2	0	0
CHM054	Chimie des Coordination	14	1	2	0	0
CHM055	Spectroscopie	14	1	2	0	0
CHM056	Chimie Minérale	14	1	2	0	0
BIO054	Génétique Fondamentale	16	1	2	0	0
BIO055	Écologie Générale	16	1	2	0	0
BIO056	Microbiologie Générale	16	1	2	0	0
ELE054	Instrumentation	18	1	2	0	0
ELE055	Conversion d'Énergie	18	1	2	0	0
ELE056	Programmation Embarquée	18	1	2	0	0
ELE051	Électronique de Puissance	18	1	1	0	1
ELE052	Logique Séquentielle	18	1	1	0	1
ELE053	Systèmes Linéaires	18	1	1	0	1
BIO051	Biochimie Structurale	16	1	1	0	1
BIO052	Physiologie Végétale	16	1	1	0	1
BIO053	Zoologie	16	1	1	0	1
\.


--
-- TOC entry 5142 (class 0 OID 16775)
-- Dependencies: 244
-- Data for Name: notification; Type: TABLE DATA; Schema: public; Owner: postgres
--

COPY public.notification (id_notification, destinataire_type, id_enseignant, id_admin, titre, message, date_envoi, est_lue) FROM stdin;
4	Enseignant	1	1	manifestation	En Raison, d'une manifestation prevu pour demain, votre cours doit etre mis en suspension	2026-02-18 20:08:00.283516	t
1	Enseignant	1	\N	Nouveau cours ajouté	Votre séance de Programmation Web a été planifiée pour lundi.	2026-02-17 23:32:03.955655	t
5	Enseignant	1	1	Changement	Bonjour, vous etes mechants	2026-02-19 13:02:42.916699	t
\.


--
-- TOC entry 5138 (class 0 OID 16714)
-- Dependencies: 240
-- Data for Name: salle; Type: TABLE DATA; Schema: public; Owner: postgres
--

COPY public.salle (id_salle, nom_salle, capacite, type_salle, localisation, est_disponible) FROM stdin;
26	Amphi Turing 1	80	CM	Bâtiment Turing	t
27	Amphi Turing 2	80	CM	Bâtiment Turing	t
28	Amphi Turing 3	80	CM	Bâtiment Turing	t
29	Amphi Turing 4	80	CM	Bâtiment Turing	t
30	Amphi Turing 5	80	CM	Bâtiment Turing	t
31	Amphi Turing 6	80	CM	Bâtiment Turing	t
32	Amphi Turing 7	80	CM	Bâtiment Turing	t
33	Amphi Turing 8	80	CM	Bâtiment Turing	t
34	Salle T101	30	TD	Bâtiment Turing	t
35	Salle T102	30	TD	Bâtiment Turing	t
36	Salle T103	30	TD	Bâtiment Turing	t
37	Salle T104	30	TD	Bâtiment Turing	t
38	Salle T105	30	TD	Bâtiment Turing	t
39	Salle T106	30	TD	Bâtiment Turing	t
40	Salle T107	30	TD	Bâtiment Turing	t
41	Salle T108	30	TD	Bâtiment Turing	t
42	Salle T109	30	TD	Bâtiment Turing	t
43	Salle T110	30	TD	Bâtiment Turing	t
44	Salle T111	30	TD	Bâtiment Turing	t
45	Salle T112	30	TD	Bâtiment Turing	t
46	Salle T113	30	TD	Bâtiment Turing	t
47	Salle T114	30	TD	Bâtiment Turing	t
48	Salle T115	30	TD	Bâtiment Turing	t
49	Salle T116	30	TD	Bâtiment Turing	t
50	Salle T117	30	TD	Bâtiment Turing	t
51	Salle T118	30	TD	Bâtiment Turing	t
52	Salle Info T1	30	TP	Bâtiment Turing	t
53	Salle Info T2	30	TP	Bâtiment Turing	t
54	Salle Info T3	30	TP	Bâtiment Turing	t
55	Salle Info T4	30	TP	Bâtiment Turing	t
56	Salle Info T5	30	TP	Bâtiment Turing	t
57	Salle Info T6	30	TP	Bâtiment Turing	t
58	Labo Informatique L2	30	Labo	Bâtiment Turing	t
59	Labo Informatique L3	30	Labo	Bâtiment Turing	t
60	Amphi Tesla 1	80	CM	Bâtiment Tesla	t
61	Amphi Tesla 2	80	CM	Bâtiment Tesla	t
62	Amphi Tesla 3	80	CM	Bâtiment Tesla	t
63	Amphi Tesla 4	80	CM	Bâtiment Tesla	t
64	Amphi Tesla 5	80	CM	Bâtiment Tesla	t
65	Amphi Tesla 6	80	CM	Bâtiment Tesla	t
66	Amphi Tesla 7	80	CM	Bâtiment Tesla	t
67	Amphi Tesla 8	80	CM	Bâtiment Tesla	t
68	Salle TE101	30	TD	Bâtiment Tesla	t
69	Salle TE102	30	TD	Bâtiment Tesla	t
70	Salle TE103	30	TD	Bâtiment Tesla	t
71	Salle TE104	30	TD	Bâtiment Tesla	t
72	Salle TE105	30	TD	Bâtiment Tesla	t
73	Salle TE106	30	TD	Bâtiment Tesla	t
74	Salle TE107	30	TD	Bâtiment Tesla	t
75	Salle TE108	30	TD	Bâtiment Tesla	t
76	Salle TE109	30	TD	Bâtiment Tesla	t
77	Salle TE110	30	TD	Bâtiment Tesla	t
78	Salle TE111	30	TD	Bâtiment Tesla	t
79	Salle TE112	30	TD	Bâtiment Tesla	t
80	Salle TE113	30	TD	Bâtiment Tesla	t
81	Salle TE114	30	TD	Bâtiment Tesla	t
82	Salle TE115	30	TD	Bâtiment Tesla	t
83	Salle TE116	30	TD	Bâtiment Tesla	t
84	Salle TE117	30	TD	Bâtiment Tesla	t
85	Salle TE118	30	TD	Bâtiment Tesla	t
86	Labo Physique L2	30	Labo	Bâtiment Tesla	t
87	Labo Physique L3	30	Labo	Bâtiment Tesla	t
88	Labo Electronique L2	30	Labo	Bâtiment Tesla	t
89	Labo Electronique L3	30	Labo	Bâtiment Tesla	t
90	Amphi Curie 1	80	CM	Bâtiment Curie	t
91	Amphi Curie 2	80	CM	Bâtiment Curie	t
92	Amphi Curie 3	80	CM	Bâtiment Curie	t
93	Amphi Curie 4	80	CM	Bâtiment Curie	t
94	Amphi Curie 5	80	CM	Bâtiment Curie	t
95	Amphi Curie 6	80	CM	Bâtiment Curie	t
96	Amphi Curie 7	80	CM	Bâtiment Curie	t
97	Amphi Curie 8	80	CM	Bâtiment Curie	t
98	Salle C101	30	TD	Bâtiment Curie	t
99	Salle C102	30	TD	Bâtiment Curie	t
100	Salle C103	30	TD	Bâtiment Curie	t
101	Salle C104	30	TD	Bâtiment Curie	t
102	Salle C105	30	TD	Bâtiment Curie	t
103	Salle C106	30	TD	Bâtiment Curie	t
104	Salle C107	30	TD	Bâtiment Curie	t
105	Salle C108	30	TD	Bâtiment Curie	t
106	Salle C109	30	TD	Bâtiment Curie	t
107	Salle C110	30	TD	Bâtiment Curie	t
108	Salle C111	30	TD	Bâtiment Curie	t
109	Salle C112	30	TD	Bâtiment Curie	t
110	Salle C113	30	TD	Bâtiment Curie	t
111	Salle C114	30	TD	Bâtiment Curie	t
112	Salle C115	30	TD	Bâtiment Curie	t
113	Salle C116	30	TD	Bâtiment Curie	t
114	Salle C117	30	TD	Bâtiment Curie	t
115	Salle C118	30	TD	Bâtiment Curie	t
116	Labo Chimie L2	30	Labo	Bâtiment Curie	t
117	Labo Chimie L3	30	Labo	Bâtiment Curie	t
118	Labo Biologie L2	30	Labo	Bâtiment Curie	t
119	Labo Biologie L3	30	Labo	Bâtiment Curie	t
120	Amphi Senghor 1	80	CM	Bâtiment Senghor	t
121	Amphi Senghor 2	80	CM	Bâtiment Senghor	t
122	Amphi Senghor 3	80	CM	Bâtiment Senghor	t
123	Amphi Senghor 4	80	CM	Bâtiment Senghor	t
124	Amphi Senghor 5	80	CM	Bâtiment Senghor	t
125	Amphi Senghor 6	80	CM	Bâtiment Senghor	t
126	Amphi Senghor 7	80	CM	Bâtiment Senghor	t
127	Amphi Senghor 8	80	CM	Bâtiment Senghor	t
128	Salle S101	30	TD	Bâtiment Senghor	t
129	Salle S102	30	TD	Bâtiment Senghor	t
130	Salle S103	30	TD	Bâtiment Senghor	t
131	Salle S104	30	TD	Bâtiment Senghor	t
132	Salle S105	30	TD	Bâtiment Senghor	t
133	Salle S106	30	TD	Bâtiment Senghor	t
134	Salle S107	30	TD	Bâtiment Senghor	t
135	Salle S108	30	TD	Bâtiment Senghor	t
136	Salle S109	30	TD	Bâtiment Senghor	t
137	Salle S110	30	TD	Bâtiment Senghor	t
138	Salle S111	30	TD	Bâtiment Senghor	t
139	Salle S112	30	TD	Bâtiment Senghor	t
140	Salle S113	30	TD	Bâtiment Senghor	t
141	Salle S114	30	TD	Bâtiment Senghor	t
142	Salle S115	30	TD	Bâtiment Senghor	t
143	Salle S116	30	TD	Bâtiment Senghor	t
144	Salle Multimedia 1	30	TP	Bâtiment Senghor	t
145	Salle Multimedia 2	30	TP	Bâtiment Senghor	t
\.


--
-- TOC entry 5169 (class 0 OID 0)
-- Dependencies: 236
-- Name: administrateur_id_admin_seq; Type: SEQUENCE SET; Schema: public; Owner: postgres
--

SELECT pg_catalog.setval('public.administrateur_id_admin_seq', 2, true);


--
-- TOC entry 5170 (class 0 OID 0)
-- Dependencies: 221
-- Name: auth_group_id_seq; Type: SEQUENCE SET; Schema: public; Owner: postgres
--

SELECT pg_catalog.setval('public.auth_group_id_seq', 1, false);


--
-- TOC entry 5171 (class 0 OID 0)
-- Dependencies: 223
-- Name: auth_group_permissions_id_seq; Type: SEQUENCE SET; Schema: public; Owner: postgres
--

SELECT pg_catalog.setval('public.auth_group_permissions_id_seq', 1, false);


--
-- TOC entry 5172 (class 0 OID 0)
-- Dependencies: 219
-- Name: auth_permission_id_seq; Type: SEQUENCE SET; Schema: public; Owner: postgres
--

SELECT pg_catalog.setval('public.auth_permission_id_seq', 64, true);


--
-- TOC entry 5173 (class 0 OID 0)
-- Dependencies: 227
-- Name: auth_user_groups_id_seq; Type: SEQUENCE SET; Schema: public; Owner: postgres
--

SELECT pg_catalog.setval('public.auth_user_groups_id_seq', 1, false);


--
-- TOC entry 5174 (class 0 OID 0)
-- Dependencies: 225
-- Name: auth_user_id_seq; Type: SEQUENCE SET; Schema: public; Owner: postgres
--

SELECT pg_catalog.setval('public.auth_user_id_seq', 1, true);


--
-- TOC entry 5175 (class 0 OID 0)
-- Dependencies: 229
-- Name: auth_user_user_permissions_id_seq; Type: SEQUENCE SET; Schema: public; Owner: postgres
--

SELECT pg_catalog.setval('public.auth_user_user_permissions_id_seq', 1, false);


--
-- TOC entry 5176 (class 0 OID 0)
-- Dependencies: 252
-- Name: cours_num_cours_seq; Type: SEQUENCE SET; Schema: public; Owner: postgres
--

SELECT pg_catalog.setval('public.cours_num_cours_seq', 151, true);


--
-- TOC entry 5177 (class 0 OID 0)
-- Dependencies: 250
-- Name: demande_id_demande_seq; Type: SEQUENCE SET; Schema: public; Owner: postgres
--

SELECT pg_catalog.setval('public.demande_id_demande_seq', 1, true);


--
-- TOC entry 5178 (class 0 OID 0)
-- Dependencies: 241
-- Name: disponibilite_id_disponibilite_seq; Type: SEQUENCE SET; Schema: public; Owner: postgres
--

SELECT pg_catalog.setval('public.disponibilite_id_disponibilite_seq', 105, true);


--
-- TOC entry 5179 (class 0 OID 0)
-- Dependencies: 231
-- Name: django_admin_log_id_seq; Type: SEQUENCE SET; Schema: public; Owner: postgres
--

SELECT pg_catalog.setval('public.django_admin_log_id_seq', 1, false);


--
-- TOC entry 5180 (class 0 OID 0)
-- Dependencies: 217
-- Name: django_content_type_id_seq; Type: SEQUENCE SET; Schema: public; Owner: postgres
--

SELECT pg_catalog.setval('public.django_content_type_id_seq', 16, true);


--
-- TOC entry 5181 (class 0 OID 0)
-- Dependencies: 215
-- Name: django_migrations_id_seq; Type: SEQUENCE SET; Schema: public; Owner: postgres
--

SELECT pg_catalog.setval('public.django_migrations_id_seq', 19, true);


--
-- TOC entry 5182 (class 0 OID 0)
-- Dependencies: 254
-- Name: emploi_du_temps_id_edt_seq; Type: SEQUENCE SET; Schema: public; Owner: postgres
--

SELECT pg_catalog.setval('public.emploi_du_temps_id_edt_seq', 151, true);


--
-- TOC entry 5183 (class 0 OID 0)
-- Dependencies: 234
-- Name: enseignant_id_enseignant_seq; Type: SEQUENCE SET; Schema: public; Owner: postgres
--

SELECT pg_catalog.setval('public.enseignant_id_enseignant_seq', 22, true);


--
-- TOC entry 5184 (class 0 OID 0)
-- Dependencies: 246
-- Name: equipement_salle_id_equipement_seq; Type: SEQUENCE SET; Schema: public; Owner: postgres
--

SELECT pg_catalog.setval('public.equipement_salle_id_equipement_seq', 4, true);


--
-- TOC entry 5185 (class 0 OID 0)
-- Dependencies: 248
-- Name: formation_id_formation_seq; Type: SEQUENCE SET; Schema: public; Owner: postgres
--

SELECT pg_catalog.setval('public.formation_id_formation_seq', 30, true);


--
-- TOC entry 5186 (class 0 OID 0)
-- Dependencies: 243
-- Name: notification_id_notification_seq; Type: SEQUENCE SET; Schema: public; Owner: postgres
--

SELECT pg_catalog.setval('public.notification_id_notification_seq', 5, true);


--
-- TOC entry 5187 (class 0 OID 0)
-- Dependencies: 239
-- Name: salle_id_salle_seq; Type: SEQUENCE SET; Schema: public; Owner: postgres
--

SELECT pg_catalog.setval('public.salle_id_salle_seq', 147, true);


--
-- TOC entry 4924 (class 2606 OID 16707)
-- Name: administrateur administrateur_email_key; Type: CONSTRAINT; Schema: public; Owner: postgres
--

ALTER TABLE ONLY public.administrateur
    ADD CONSTRAINT administrateur_email_key UNIQUE (email);


--
-- TOC entry 4926 (class 2606 OID 16705)
-- Name: administrateur administrateur_pkey; Type: CONSTRAINT; Schema: public; Owner: postgres
--

ALTER TABLE ONLY public.administrateur
    ADD CONSTRAINT administrateur_pkey PRIMARY KEY (id_admin);


--
-- TOC entry 4885 (class 2606 OID 16674)
-- Name: auth_group auth_group_name_key; Type: CONSTRAINT; Schema: public; Owner: postgres
--

ALTER TABLE ONLY public.auth_group
    ADD CONSTRAINT auth_group_name_key UNIQUE (name);


--
-- TOC entry 4890 (class 2606 OID 16605)
-- Name: auth_group_permissions auth_group_permissions_group_id_permission_id_0cd325b0_uniq; Type: CONSTRAINT; Schema: public; Owner: postgres
--

ALTER TABLE ONLY public.auth_group_permissions
    ADD CONSTRAINT auth_group_permissions_group_id_permission_id_0cd325b0_uniq UNIQUE (group_id, permission_id);


--
-- TOC entry 4893 (class 2606 OID 16574)
-- Name: auth_group_permissions auth_group_permissions_pkey; Type: CONSTRAINT; Schema: public; Owner: postgres
--

ALTER TABLE ONLY public.auth_group_permissions
    ADD CONSTRAINT auth_group_permissions_pkey PRIMARY KEY (id);


--
-- TOC entry 4887 (class 2606 OID 16566)
-- Name: auth_group auth_group_pkey; Type: CONSTRAINT; Schema: public; Owner: postgres
--

ALTER TABLE ONLY public.auth_group
    ADD CONSTRAINT auth_group_pkey PRIMARY KEY (id);


--
-- TOC entry 4880 (class 2606 OID 16596)
-- Name: auth_permission auth_permission_content_type_id_codename_01ab375a_uniq; Type: CONSTRAINT; Schema: public; Owner: postgres
--

ALTER TABLE ONLY public.auth_permission
    ADD CONSTRAINT auth_permission_content_type_id_codename_01ab375a_uniq UNIQUE (content_type_id, codename);


--
-- TOC entry 4882 (class 2606 OID 16560)
-- Name: auth_permission auth_permission_pkey; Type: CONSTRAINT; Schema: public; Owner: postgres
--

ALTER TABLE ONLY public.auth_permission
    ADD CONSTRAINT auth_permission_pkey PRIMARY KEY (id);


--
-- TOC entry 4901 (class 2606 OID 16588)
-- Name: auth_user_groups auth_user_groups_pkey; Type: CONSTRAINT; Schema: public; Owner: postgres
--

ALTER TABLE ONLY public.auth_user_groups
    ADD CONSTRAINT auth_user_groups_pkey PRIMARY KEY (id);


--
-- TOC entry 4904 (class 2606 OID 16620)
-- Name: auth_user_groups auth_user_groups_user_id_group_id_94350c0c_uniq; Type: CONSTRAINT; Schema: public; Owner: postgres
--

ALTER TABLE ONLY public.auth_user_groups
    ADD CONSTRAINT auth_user_groups_user_id_group_id_94350c0c_uniq UNIQUE (user_id, group_id);


--
-- TOC entry 4895 (class 2606 OID 16580)
-- Name: auth_user auth_user_pkey; Type: CONSTRAINT; Schema: public; Owner: postgres
--

ALTER TABLE ONLY public.auth_user
    ADD CONSTRAINT auth_user_pkey PRIMARY KEY (id);


--
-- TOC entry 4907 (class 2606 OID 16594)
-- Name: auth_user_user_permissions auth_user_user_permissions_pkey; Type: CONSTRAINT; Schema: public; Owner: postgres
--

ALTER TABLE ONLY public.auth_user_user_permissions
    ADD CONSTRAINT auth_user_user_permissions_pkey PRIMARY KEY (id);


--
-- TOC entry 4910 (class 2606 OID 16634)
-- Name: auth_user_user_permissions auth_user_user_permissions_user_id_permission_id_14a6b632_uniq; Type: CONSTRAINT; Schema: public; Owner: postgres
--

ALTER TABLE ONLY public.auth_user_user_permissions
    ADD CONSTRAINT auth_user_user_permissions_user_id_permission_id_14a6b632_uniq UNIQUE (user_id, permission_id);


--
-- TOC entry 4898 (class 2606 OID 16669)
-- Name: auth_user auth_user_username_key; Type: CONSTRAINT; Schema: public; Owner: postgres
--

ALTER TABLE ONLY public.auth_user
    ADD CONSTRAINT auth_user_username_key UNIQUE (username);


--
-- TOC entry 4946 (class 2606 OID 16940)
-- Name: cours cours_pkey; Type: CONSTRAINT; Schema: public; Owner: postgres
--

ALTER TABLE ONLY public.cours
    ADD CONSTRAINT cours_pkey PRIMARY KEY (num_cours);


--
-- TOC entry 4944 (class 2606 OID 16917)
-- Name: demande demande_pkey; Type: CONSTRAINT; Schema: public; Owner: postgres
--

ALTER TABLE ONLY public.demande
    ADD CONSTRAINT demande_pkey PRIMARY KEY (id_demande);


--
-- TOC entry 4934 (class 2606 OID 16768)
-- Name: disponibilite disponibilite_pkey; Type: CONSTRAINT; Schema: public; Owner: postgres
--

ALTER TABLE ONLY public.disponibilite
    ADD CONSTRAINT disponibilite_pkey PRIMARY KEY (id_disponibilite);


--
-- TOC entry 4913 (class 2606 OID 16655)
-- Name: django_admin_log django_admin_log_pkey; Type: CONSTRAINT; Schema: public; Owner: postgres
--

ALTER TABLE ONLY public.django_admin_log
    ADD CONSTRAINT django_admin_log_pkey PRIMARY KEY (id);


--
-- TOC entry 4875 (class 2606 OID 16554)
-- Name: django_content_type django_content_type_app_label_model_76bd3d3b_uniq; Type: CONSTRAINT; Schema: public; Owner: postgres
--

ALTER TABLE ONLY public.django_content_type
    ADD CONSTRAINT django_content_type_app_label_model_76bd3d3b_uniq UNIQUE (app_label, model);


--
-- TOC entry 4877 (class 2606 OID 16552)
-- Name: django_content_type django_content_type_pkey; Type: CONSTRAINT; Schema: public; Owner: postgres
--

ALTER TABLE ONLY public.django_content_type
    ADD CONSTRAINT django_content_type_pkey PRIMARY KEY (id);


--
-- TOC entry 4873 (class 2606 OID 16546)
-- Name: django_migrations django_migrations_pkey; Type: CONSTRAINT; Schema: public; Owner: postgres
--

ALTER TABLE ONLY public.django_migrations
    ADD CONSTRAINT django_migrations_pkey PRIMARY KEY (id);


--
-- TOC entry 4917 (class 2606 OID 16682)
-- Name: django_session django_session_pkey; Type: CONSTRAINT; Schema: public; Owner: postgres
--

ALTER TABLE ONLY public.django_session
    ADD CONSTRAINT django_session_pkey PRIMARY KEY (session_key);


--
-- TOC entry 4948 (class 2606 OID 16960)
-- Name: emploi_du_temps emploi_du_temps_pkey; Type: CONSTRAINT; Schema: public; Owner: postgres
--

ALTER TABLE ONLY public.emploi_du_temps
    ADD CONSTRAINT emploi_du_temps_pkey PRIMARY KEY (id_edt);


--
-- TOC entry 4920 (class 2606 OID 16696)
-- Name: enseignant enseignant_email_key; Type: CONSTRAINT; Schema: public; Owner: postgres
--

ALTER TABLE ONLY public.enseignant
    ADD CONSTRAINT enseignant_email_key UNIQUE (email);


--
-- TOC entry 4938 (class 2606 OID 16800)
-- Name: enseignant_matiere enseignant_matiere_pkey; Type: CONSTRAINT; Schema: public; Owner: postgres
--

ALTER TABLE ONLY public.enseignant_matiere
    ADD CONSTRAINT enseignant_matiere_pkey PRIMARY KEY (id_enseignant, id_matiere);


--
-- TOC entry 4922 (class 2606 OID 16694)
-- Name: enseignant enseignant_pkey; Type: CONSTRAINT; Schema: public; Owner: postgres
--

ALTER TABLE ONLY public.enseignant
    ADD CONSTRAINT enseignant_pkey PRIMARY KEY (id_enseignant);


--
-- TOC entry 4940 (class 2606 OID 16819)
-- Name: equipement_salle equipement_salle_pkey; Type: CONSTRAINT; Schema: public; Owner: postgres
--

ALTER TABLE ONLY public.equipement_salle
    ADD CONSTRAINT equipement_salle_pkey PRIMARY KEY (id_equipement);


--
-- TOC entry 4942 (class 2606 OID 16906)
-- Name: formation formation_pkey; Type: CONSTRAINT; Schema: public; Owner: postgres
--

ALTER TABLE ONLY public.formation
    ADD CONSTRAINT formation_pkey PRIMARY KEY (id_formation);


--
-- TOC entry 4928 (class 2606 OID 16712)
-- Name: matiere matiere_id_matiere_key; Type: CONSTRAINT; Schema: public; Owner: postgres
--

ALTER TABLE ONLY public.matiere
    ADD CONSTRAINT matiere_id_matiere_key UNIQUE (id_matiere);


--
-- TOC entry 4936 (class 2606 OID 16785)
-- Name: notification notification_pkey; Type: CONSTRAINT; Schema: public; Owner: postgres
--

ALTER TABLE ONLY public.notification
    ADD CONSTRAINT notification_pkey PRIMARY KEY (id_notification);


--
-- TOC entry 4930 (class 2606 OID 16722)
-- Name: salle salle_nom_salle_key; Type: CONSTRAINT; Schema: public; Owner: postgres
--

ALTER TABLE ONLY public.salle
    ADD CONSTRAINT salle_nom_salle_key UNIQUE (nom_salle);


--
-- TOC entry 4932 (class 2606 OID 16720)
-- Name: salle salle_pkey; Type: CONSTRAINT; Schema: public; Owner: postgres
--

ALTER TABLE ONLY public.salle
    ADD CONSTRAINT salle_pkey PRIMARY KEY (id_salle);


--
-- TOC entry 4883 (class 1259 OID 16675)
-- Name: auth_group_name_a6ea08ec_like; Type: INDEX; Schema: public; Owner: postgres
--

CREATE INDEX auth_group_name_a6ea08ec_like ON public.auth_group USING btree (name varchar_pattern_ops);


--
-- TOC entry 4888 (class 1259 OID 16616)
-- Name: auth_group_permissions_group_id_b120cbf9; Type: INDEX; Schema: public; Owner: postgres
--

CREATE INDEX auth_group_permissions_group_id_b120cbf9 ON public.auth_group_permissions USING btree (group_id);


--
-- TOC entry 4891 (class 1259 OID 16617)
-- Name: auth_group_permissions_permission_id_84c5c92e; Type: INDEX; Schema: public; Owner: postgres
--

CREATE INDEX auth_group_permissions_permission_id_84c5c92e ON public.auth_group_permissions USING btree (permission_id);


--
-- TOC entry 4878 (class 1259 OID 16602)
-- Name: auth_permission_content_type_id_2f476e4b; Type: INDEX; Schema: public; Owner: postgres
--

CREATE INDEX auth_permission_content_type_id_2f476e4b ON public.auth_permission USING btree (content_type_id);


--
-- TOC entry 4899 (class 1259 OID 16632)
-- Name: auth_user_groups_group_id_97559544; Type: INDEX; Schema: public; Owner: postgres
--

CREATE INDEX auth_user_groups_group_id_97559544 ON public.auth_user_groups USING btree (group_id);


--
-- TOC entry 4902 (class 1259 OID 16631)
-- Name: auth_user_groups_user_id_6a12ed8b; Type: INDEX; Schema: public; Owner: postgres
--

CREATE INDEX auth_user_groups_user_id_6a12ed8b ON public.auth_user_groups USING btree (user_id);


--
-- TOC entry 4905 (class 1259 OID 16646)
-- Name: auth_user_user_permissions_permission_id_1fbb5f2c; Type: INDEX; Schema: public; Owner: postgres
--

CREATE INDEX auth_user_user_permissions_permission_id_1fbb5f2c ON public.auth_user_user_permissions USING btree (permission_id);


--
-- TOC entry 4908 (class 1259 OID 16645)
-- Name: auth_user_user_permissions_user_id_a95ead1b; Type: INDEX; Schema: public; Owner: postgres
--

CREATE INDEX auth_user_user_permissions_user_id_a95ead1b ON public.auth_user_user_permissions USING btree (user_id);


--
-- TOC entry 4896 (class 1259 OID 16670)
-- Name: auth_user_username_6821ab7c_like; Type: INDEX; Schema: public; Owner: postgres
--

CREATE INDEX auth_user_username_6821ab7c_like ON public.auth_user USING btree (username varchar_pattern_ops);


--
-- TOC entry 4911 (class 1259 OID 16666)
-- Name: django_admin_log_content_type_id_c4bce8eb; Type: INDEX; Schema: public; Owner: postgres
--

CREATE INDEX django_admin_log_content_type_id_c4bce8eb ON public.django_admin_log USING btree (content_type_id);


--
-- TOC entry 4914 (class 1259 OID 16667)
-- Name: django_admin_log_user_id_c564eba6; Type: INDEX; Schema: public; Owner: postgres
--

CREATE INDEX django_admin_log_user_id_c564eba6 ON public.django_admin_log USING btree (user_id);


--
-- TOC entry 4915 (class 1259 OID 16684)
-- Name: django_session_expire_date_a5c62663; Type: INDEX; Schema: public; Owner: postgres
--

CREATE INDEX django_session_expire_date_a5c62663 ON public.django_session USING btree (expire_date);


--
-- TOC entry 4918 (class 1259 OID 16683)
-- Name: django_session_session_key_c0390e0f_like; Type: INDEX; Schema: public; Owner: postgres
--

CREATE INDEX django_session_session_key_c0390e0f_like ON public.django_session USING btree (session_key varchar_pattern_ops);


--
-- TOC entry 4950 (class 2606 OID 16611)
-- Name: auth_group_permissions auth_group_permissio_permission_id_84c5c92e_fk_auth_perm; Type: FK CONSTRAINT; Schema: public; Owner: postgres
--

ALTER TABLE ONLY public.auth_group_permissions
    ADD CONSTRAINT auth_group_permissio_permission_id_84c5c92e_fk_auth_perm FOREIGN KEY (permission_id) REFERENCES public.auth_permission(id) DEFERRABLE INITIALLY DEFERRED;


--
-- TOC entry 4951 (class 2606 OID 16606)
-- Name: auth_group_permissions auth_group_permissions_group_id_b120cbf9_fk_auth_group_id; Type: FK CONSTRAINT; Schema: public; Owner: postgres
--

ALTER TABLE ONLY public.auth_group_permissions
    ADD CONSTRAINT auth_group_permissions_group_id_b120cbf9_fk_auth_group_id FOREIGN KEY (group_id) REFERENCES public.auth_group(id) DEFERRABLE INITIALLY DEFERRED;


--
-- TOC entry 4949 (class 2606 OID 16597)
-- Name: auth_permission auth_permission_content_type_id_2f476e4b_fk_django_co; Type: FK CONSTRAINT; Schema: public; Owner: postgres
--

ALTER TABLE ONLY public.auth_permission
    ADD CONSTRAINT auth_permission_content_type_id_2f476e4b_fk_django_co FOREIGN KEY (content_type_id) REFERENCES public.django_content_type(id) DEFERRABLE INITIALLY DEFERRED;


--
-- TOC entry 4952 (class 2606 OID 16626)
-- Name: auth_user_groups auth_user_groups_group_id_97559544_fk_auth_group_id; Type: FK CONSTRAINT; Schema: public; Owner: postgres
--

ALTER TABLE ONLY public.auth_user_groups
    ADD CONSTRAINT auth_user_groups_group_id_97559544_fk_auth_group_id FOREIGN KEY (group_id) REFERENCES public.auth_group(id) DEFERRABLE INITIALLY DEFERRED;


--
-- TOC entry 4953 (class 2606 OID 16621)
-- Name: auth_user_groups auth_user_groups_user_id_6a12ed8b_fk_auth_user_id; Type: FK CONSTRAINT; Schema: public; Owner: postgres
--

ALTER TABLE ONLY public.auth_user_groups
    ADD CONSTRAINT auth_user_groups_user_id_6a12ed8b_fk_auth_user_id FOREIGN KEY (user_id) REFERENCES public.auth_user(id) DEFERRABLE INITIALLY DEFERRED;


--
-- TOC entry 4954 (class 2606 OID 16640)
-- Name: auth_user_user_permissions auth_user_user_permi_permission_id_1fbb5f2c_fk_auth_perm; Type: FK CONSTRAINT; Schema: public; Owner: postgres
--

ALTER TABLE ONLY public.auth_user_user_permissions
    ADD CONSTRAINT auth_user_user_permi_permission_id_1fbb5f2c_fk_auth_perm FOREIGN KEY (permission_id) REFERENCES public.auth_permission(id) DEFERRABLE INITIALLY DEFERRED;


--
-- TOC entry 4955 (class 2606 OID 16635)
-- Name: auth_user_user_permissions auth_user_user_permissions_user_id_a95ead1b_fk_auth_user_id; Type: FK CONSTRAINT; Schema: public; Owner: postgres
--

ALTER TABLE ONLY public.auth_user_user_permissions
    ADD CONSTRAINT auth_user_user_permissions_user_id_a95ead1b_fk_auth_user_id FOREIGN KEY (user_id) REFERENCES public.auth_user(id) DEFERRABLE INITIALLY DEFERRED;


--
-- TOC entry 4966 (class 2606 OID 16946)
-- Name: cours cours_id_enseignant_fkey; Type: FK CONSTRAINT; Schema: public; Owner: postgres
--

ALTER TABLE ONLY public.cours
    ADD CONSTRAINT cours_id_enseignant_fkey FOREIGN KEY (id_enseignant) REFERENCES public.enseignant(id_enseignant) ON DELETE SET NULL;


--
-- TOC entry 4967 (class 2606 OID 16941)
-- Name: cours cours_id_matiere_fkey; Type: FK CONSTRAINT; Schema: public; Owner: postgres
--

ALTER TABLE ONLY public.cours
    ADD CONSTRAINT cours_id_matiere_fkey FOREIGN KEY (id_matiere) REFERENCES public.matiere(id_matiere) ON DELETE SET NULL;


--
-- TOC entry 4965 (class 2606 OID 16918)
-- Name: demande demande_id_enseignant_fkey; Type: FK CONSTRAINT; Schema: public; Owner: postgres
--

ALTER TABLE ONLY public.demande
    ADD CONSTRAINT demande_id_enseignant_fkey FOREIGN KEY (id_enseignant) REFERENCES public.enseignant(id_enseignant) ON DELETE CASCADE;


--
-- TOC entry 4959 (class 2606 OID 16769)
-- Name: disponibilite disponibilite_id_enseignant_fkey; Type: FK CONSTRAINT; Schema: public; Owner: postgres
--

ALTER TABLE ONLY public.disponibilite
    ADD CONSTRAINT disponibilite_id_enseignant_fkey FOREIGN KEY (id_enseignant) REFERENCES public.enseignant(id_enseignant) ON DELETE CASCADE;


--
-- TOC entry 4956 (class 2606 OID 16656)
-- Name: django_admin_log django_admin_log_content_type_id_c4bce8eb_fk_django_co; Type: FK CONSTRAINT; Schema: public; Owner: postgres
--

ALTER TABLE ONLY public.django_admin_log
    ADD CONSTRAINT django_admin_log_content_type_id_c4bce8eb_fk_django_co FOREIGN KEY (content_type_id) REFERENCES public.django_content_type(id) DEFERRABLE INITIALLY DEFERRED;


--
-- TOC entry 4957 (class 2606 OID 16661)
-- Name: django_admin_log django_admin_log_user_id_c564eba6_fk_auth_user_id; Type: FK CONSTRAINT; Schema: public; Owner: postgres
--

ALTER TABLE ONLY public.django_admin_log
    ADD CONSTRAINT django_admin_log_user_id_c564eba6_fk_auth_user_id FOREIGN KEY (user_id) REFERENCES public.auth_user(id) DEFERRABLE INITIALLY DEFERRED;


--
-- TOC entry 4968 (class 2606 OID 16966)
-- Name: emploi_du_temps emploi_du_temps_id_salle_fkey; Type: FK CONSTRAINT; Schema: public; Owner: postgres
--

ALTER TABLE ONLY public.emploi_du_temps
    ADD CONSTRAINT emploi_du_temps_id_salle_fkey FOREIGN KEY (id_salle) REFERENCES public.salle(id_salle) ON DELETE SET NULL;


--
-- TOC entry 4969 (class 2606 OID 16961)
-- Name: emploi_du_temps emploi_du_temps_num_cours_fkey; Type: FK CONSTRAINT; Schema: public; Owner: postgres
--

ALTER TABLE ONLY public.emploi_du_temps
    ADD CONSTRAINT emploi_du_temps_num_cours_fkey FOREIGN KEY (num_cours) REFERENCES public.cours(num_cours) ON DELETE CASCADE;


--
-- TOC entry 4962 (class 2606 OID 16801)
-- Name: enseignant_matiere enseignant_matiere_id_enseignant_fkey; Type: FK CONSTRAINT; Schema: public; Owner: postgres
--

ALTER TABLE ONLY public.enseignant_matiere
    ADD CONSTRAINT enseignant_matiere_id_enseignant_fkey FOREIGN KEY (id_enseignant) REFERENCES public.enseignant(id_enseignant) ON DELETE CASCADE;


--
-- TOC entry 4963 (class 2606 OID 16806)
-- Name: enseignant_matiere enseignant_matiere_id_matiere_fkey; Type: FK CONSTRAINT; Schema: public; Owner: postgres
--

ALTER TABLE ONLY public.enseignant_matiere
    ADD CONSTRAINT enseignant_matiere_id_matiere_fkey FOREIGN KEY (id_matiere) REFERENCES public.matiere(id_matiere) ON DELETE CASCADE;


--
-- TOC entry 4964 (class 2606 OID 16820)
-- Name: equipement_salle equipement_salle_id_salle_fkey; Type: FK CONSTRAINT; Schema: public; Owner: postgres
--

ALTER TABLE ONLY public.equipement_salle
    ADD CONSTRAINT equipement_salle_id_salle_fkey FOREIGN KEY (id_salle) REFERENCES public.salle(id_salle) ON DELETE CASCADE;


--
-- TOC entry 4958 (class 2606 OID 16923)
-- Name: matiere matiere_id_formation_fkey; Type: FK CONSTRAINT; Schema: public; Owner: postgres
--

ALTER TABLE ONLY public.matiere
    ADD CONSTRAINT matiere_id_formation_fkey FOREIGN KEY (id_formation) REFERENCES public.formation(id_formation) ON DELETE SET NULL;


--
-- TOC entry 4960 (class 2606 OID 16791)
-- Name: notification notification_id_admin_fkey; Type: FK CONSTRAINT; Schema: public; Owner: postgres
--

ALTER TABLE ONLY public.notification
    ADD CONSTRAINT notification_id_admin_fkey FOREIGN KEY (id_admin) REFERENCES public.administrateur(id_admin) ON DELETE CASCADE;


--
-- TOC entry 4961 (class 2606 OID 16786)
-- Name: notification notification_id_enseignant_fkey; Type: FK CONSTRAINT; Schema: public; Owner: postgres
--

ALTER TABLE ONLY public.notification
    ADD CONSTRAINT notification_id_enseignant_fkey FOREIGN KEY (id_enseignant) REFERENCES public.enseignant(id_enseignant) ON DELETE CASCADE;


-- Completed on 2026-02-23 18:37:29

--
-- PostgreSQL database dump complete
--

\unrestrict 19I03Bt907mRBTtvqneUIZwSwcmiKRPtOoer7dw5Aa2bWU1UqIAHhY4dgM0a9Ye

